{
  "0": {
    "precision": 0.9563492063492064,
    "recall": 0.9698189134808853,
    "f1-score": 0.9630369630369631,
    "support": 497.0
  },
  "1": {
    "precision": 0.9905778894472361,
    "recall": 0.9862414008755472,
    "f1-score": 0.9884048887496083,
    "support": 1599.0
  },
  "accuracy": 0.9823473282442748,
  "macro avg": {
    "precision": 0.9734635478982212,
    "recall": 0.9780301571782163,
    "f1-score": 0.9757209258932857,
    "support": 2096.0
  },
  "weighted avg": {
    "precision": 0.9824616415943158,
    "recall": 0.9823473282442748,
    "f1-score": 0.9823896888072493,
    "support": 2096.0
  }
}