{
  "0": {
    "precision": 0.9624217118997912,
    "recall": 0.9275653923541247,
    "f1-score": 0.944672131147541,
    "support": 497.0
  },
  "1": {
    "precision": 0.9777365491651205,
    "recall": 0.9887429643527205,
    "f1-score": 0.9832089552238806,
    "support": 1599.0
  },
  "accuracy": 0.9742366412213741,
  "macro avg": {
    "precision": 0.9700791305324559,
    "recall": 0.9581541783534226,
    "f1-score": 0.9639405431857109,
    "support": 2096.0
  },
  "weighted avg": {
    "precision": 0.9741051206723397,
    "recall": 0.9742366412213741,
    "f1-score": 0.9740711682172295,
    "support": 2096.0
  }
}