{
  "0": {
    "precision": 0.9629629629629629,
    "recall": 0.9416498993963782,
    "f1-score": 0.9521871820956256,
    "support": 497.0
  },
  "1": {
    "precision": 0.9819875776397515,
    "recall": 0.9887429643527205,
    "f1-score": 0.9853536927391711,
    "support": 1599.0
  },
  "accuracy": 0.9775763358778626,
  "macro avg": {
    "precision": 0.9724752703013573,
    "recall": 0.9651964318745494,
    "f1-score": 0.9687704374173983,
    "support": 2096.0
  },
  "weighted avg": {
    "precision": 0.977476492957326,
    "recall": 0.9775763358778626,
    "f1-score": 0.977489305434857,
    "support": 2096.0
  }
}