{
  "0": {
    "precision": 0.9596774193548387,
    "recall": 0.9577464788732394,
    "f1-score": 0.9587109768378651,
    "support": 497.0
  },
  "1": {
    "precision": 0.986875,
    "recall": 0.9874921826141339,
    "f1-score": 0.9871834948421382,
    "support": 1599.0
  },
  "accuracy": 0.9804389312977099,
  "macro avg": {
    "precision": 0.9732762096774193,
    "recall": 0.9726193307436866,
    "f1-score": 0.9729472358400016,
    "support": 2096.0
  },
  "weighted avg": {
    "precision": 0.9804259553527455,
    "recall": 0.9804389312977099,
    "f1-score": 0.9804321391894073,
    "support": 2096.0
  }
}