{
  "0": {
    "precision": 0.9611451942740287,
    "recall": 0.9456740442655935,
    "f1-score": 0.9533468559837728,
    "support": 497.0
  },
  "1": {
    "precision": 0.9831985065339142,
    "recall": 0.9881175734834271,
    "f1-score": 0.9856519026824704,
    "support": 1599.0
  },
  "accuracy": 0.9780534351145038,
  "macro avg": {
    "precision": 0.9721718504039714,
    "recall": 0.9668958088745103,
    "f1-score": 0.9694993793331216,
    "support": 2096.0
  },
  "weighted avg": {
    "precision": 0.9779692621669471,
    "recall": 0.9780534351145038,
    "f1-score": 0.9779917842620253,
    "support": 2096.0
  }
}