{
  "0": {
    "precision": 0.9626556016597511,
    "recall": 0.9336016096579477,
    "f1-score": 0.947906026557712,
    "support": 497.0
  },
  "1": {
    "precision": 0.9795539033457249,
    "recall": 0.9887429643527205,
    "f1-score": 0.9841269841269841,
    "support": 1599.0
  },
  "accuracy": 0.9756679389312977,
  "macro avg": {
    "precision": 0.971104752502738,
    "recall": 0.9611722870053341,
    "f1-score": 0.966016505342348,
    "support": 2096.0
  },
  "weighted avg": {
    "precision": 0.975547006428774,
    "recall": 0.9756679389312977,
    "f1-score": 0.9755383314972473,
    "support": 2096.0
  }
}